{
    "wandb_name": "id1_2017_convnext_crt",
    "epochs": 40,
    "lr": 0.0000021,
    "bs": 48,
    "lambda": {
        "GMGS": 0.0001,
        "BS": 10
    },
    "save_model_path": "models/id23_2017.pth",
    "dataset": {
        "window": 4,
        "year_split": {
            "train": {
                "start": 2010,
                "end": 2017
            },
            "valid": {
                "start": 2017,
                "end": 2017
            },
            "test": {
                "start": 2017,
                "end": 2017
            }
        },
        "mean": 92.7943,
        "std": 56.7613,
        "GMGS_score_matrix": [
            [
                0.32126975,
                -0.29554209,
                -0.66379158,
                -1
            ],
            [
                -0.29554209,
                0.42974729,
                0.06149779,
                -0.27471063
            ],
            [
                -0.66379158,
                0.06149779,
                3.57705686,
                3.24084844
            ],
            [
                -1,
                -0.27471063,
                3.24084844,
                42.22038061
            ]
        ],
        "climatology": [
            0.9053,
            0.0947
        ]
    },
    "MM": {
        "N": 1,
        "d_model": 128,
        "h": 4,
        "d_ff": 16,
        "dropout": 0.1
    },
    "SFM": {
        "N": 1,
        "d_model": 128,
        "h": 4,
        "d_ff": 16,
        "dropout": 0.1
    },
    "input_channel": 90,
    "output_channel": 4,
    "main_metric": "GMGS"
}