{
    "wandb_name": "id19_2014_1dmae",
    "epochs": 40,
    "lr": 0.000006,
    "bs":128,
    "factor": {
        "GMGS": 0.0001,
        "BS": 10
    },
    "save_model_path": "checkpoints/id1-4b.pth",
    "dataset": {
        "window": 12,
        "year_split": {
            "train": {
                "start": 2010,
                "end": 2013
            },
            "valid": {
                "start": 2014,
                "end": 2014
            },
            "test": {
                "start": 2014,
                "end": 2014
            }
        },
        "mean": 91.0729,
        "std": 57.5899,
        "GMGS_score_matrix": [
            [
                0.32253222,
                -0.29649121,
                -0.66356076,
                -1
            ],
            [
                -0.29649121,
                0.42576394,
                0.05869439,
                -0.27774485
            ],
            [
                -0.66356076,
                0.05869439,
                3.68555451,
                3.34911527
            ],
            [
                -1,
                -0.27774485,
                3.34911527,
                39.45652268
            ]
        ],
        "climatology": [
            0.9081,
            0.0919
        ]
    },
    "MM": {
        "N": 1,
        "d_model": 128,
        "h": 4,
        "d_ff": 16,
        "dropout": 0.1
    },
    "SFM": {
        "N": 1,
        "d_model": 90,
        "h": 4,
        "d_ff": 16,
        "dropout": 0.1
    },
    "input_channel": 90,
    "output_channel": 4,
    "main_metric": "GMGS"
}