{
    "wandb_name": "id1_2016_convnext_crt",
    "epochs": 40,
    "lr": 0.0000021,
    "bs": 48,
    "factor": {
        "GMGS": 0.0001,
        "BS": 10
    },
    "save_model_path": "checkpoints/id23_2016.pth",
    "dataset": {
        "window": 4,
        "year_split": {
            "train": {
                "start": 2010,
                "end": 2015
            },
            "valid": {
                "start": 2016,
                "end": 2016
            },
            "test": {
                "start": 2016,
                "end": 2016
            }
        },
        "mean": 112.9843,
        "std": 40.3589,
        "GMGS_score_matrix": [
            [
                0.40613962,
                -0.2891613,
                -0.66329436,
                -1
            ],
            [
                -0.2891613,
                0.35113628,
                -0.02299678,
                -0.35970242
            ],
            [
                -0.66329436,
                -0.02299678,
                3.03366653,
                2.69696089
            ],
            [
                -1,
                -0.35970242,
                2.69696089,
                35.97839364
            ]
        ],
        "climatology": [
            0.8909,
            0.1091
        ]
    },
    "MM": {
        "N": 1,
        "d_model": 128,
        "h": 4,
        "d_ff": 16,
        "dropout": 0.1
    },
    "SFM": {
        "N": 1,
        "d_model": 128,
        "h": 4,
        "d_ff": 16,
        "dropout": 0.1
    },
    "input_channel": 90,
    "output_channel": 4,
    "main_metric": "GMGS"
}