{
    "wandb_name": "id1_2015_convnext_crt",
    "epochs": 40,
    "lr": 0.0000021,
    "bs": 48,
    "factor": {
        "GMGS": 0.0001,
        "BS": 10
    },
    "save_model_path": "models/id23_2015.pth",
    "dataset": {
        "window": 4,
        "year_split": {
            "train": {
                "start": 2010,
                "end": 2014
            },
            "valid": {
                "start": 2015,
                "end": 2015
            },
            "test": {
                "start": 2015,
                "end": 2015
            }
        },
        "mean": 91.8833,
        "std": 57.2211,
        "GMGS_score_matrix": [
            [
                0.40374859,
                -0.28917092,
                -0.66291466,
                -1
            ],
            [
                -0.28917092,
                0.35315958,
                -0.02058416,
                -0.3576695
            ],
            [
                -0.66291466,
                -0.02058416,
                3.06231611,
                2.72523077
            ],
            [
                -1,
                -0.3576695,
                2.72523077,
                32.67234615
            ]
        ],
        "climatology": [
            0.8919,
            0.1081
        ]
    },
    "MM": {
        "N": 1,
        "d_model": 128,
        "h": 4,
        "d_ff": 16,
        "dropout": 0.1
    },
    "SFM": {
        "N": 1,
        "d_model": 128,
        "h": 4,
        "d_ff": 16,
        "dropout": 0.1
    },
    "input_channel": 90,
    "output_channel": 4,
    "main_metric": "GMGS"
}