{
    "epochs": 8,
    "lr": 0.0000021,
    "bs": 24,
    "factor": {
        "GMGS": 0.0001,
        "BS": 10
    },
    "save_model_path": "models/id23_2017.pth",
    "dataset": {
        "window": 4,
        "year_split": {
            "train": {
                "start": 2010,
                "end": 2016
            },
            "valid": {
                "start": 2017,
                "end": 2017
            },
            "test": {
                "start": 2017,
                "end": 2017
            }
        },
        "mean": 0.36368870735168457,
        "std": 0.22177115364615466,
        "GMGS_score_matrix": [
            [
                0.6148368701233575,
                -0.11045250298092564,
                -0.6351968913334975,
                -1.0
            ],
            [
                -0.11045250298092564,
                0.5063593326253716,
                -0.01838505572720032,
                -0.3831881643937028
            ],
            [
                -0.6351968913334975,
                -0.01838505572720032,
                0.8954325714727722,
                0.5306294628062697
            ],
            [
                -1.0,
                -0.3831881643937028,
                0.5306294628062697,
                4.394687433820763
            ]
        ],
        "climatology": [
            0.9052,
            0.0948
        ]
    },
    "MM": {
        "N": 1,
        "d_model": 128,
        "h": 4,
        "d_ff": 16,
        "dropout": 0.1
    },
    "SFM": {
        "N": 1,
        "d_model": 128,
        "h": 4,
        "d_ff": 16,
        "dropout": 0.1
    },
    "input_channel": 90,
    "output_channel": 4,
    "main_metric": "GMGS"
}