{
    "epochs": 8,
    "lr": 0.0000021,
    "bs": 24,
    "factor": {
        "GMGS": 0.0001,
        "BS": 10
    },
    "save_model_path": "models/id23_2018.pth",
    "dataset": {
        "window": 4,
        "year_split": {
            "train": {
                "start": 2010,
                "end": 2016
            },
            "valid": {
                "start": 2017,
                "end": 2017
            },
            "test": {
                "start": 2018,
                "end": 2018
            }
        },
        "mean": 0.36368870735168457,
        "std": 0.22177115364615466,
        "GMGS_score_matrix": [
            [
                0.3212697499275618,
                -0.29554208567873536,
                -0.6637915815490152,
                -1.0
            ],
            [
                -0.29554208567873536,
                0.42974728742554785,
                0.06149779155526799,
                -0.27471062689571685
            ],
            [
                -0.6637915815490152,
                0.06149779155526799,
                3.5770568632852275,
                3.2408484448342425
            ],
            [
                -1.0,
                -0.27471062689571685,
                3.2408484448342425,
                42.220380608576946
            ]
        ],
        "climatology": [
            0.9052,
            0.0948
        ]
    },
    "MM": {
        "N": 1,
        "d_model": 128,
        "h": 4,
        "d_ff": 16,
        "dropout": 0.1
    },
    "SFM": {
        "N": 1,
        "d_model": 128,
        "h": 4,
        "d_ff": 16,
        "dropout": 0.1
    },
    "input_channel": 90,
    "output_channel": 4,
    "main_metric": "GMGS"
}