{
    "epochs": 8,
    "lr": 0.0000021,
    "bs": 24,
    "factor": {
        "GMGS": 0.0001,
        "BS": 10
    },
    "save_model_path": "models/id23_2019.pth",
    "dataset": {
        "window": 4,
        "year_split": {
            "train": {
                "start": 2010,
                "end": 2018
            },
            "valid": {
                "start": 2019,
                "end": 2019
            },
            "test": {
                "start": 2020,
                "end": 2020
            }
        },
        "mean": 0.36368870735168457,
        "std": 0.22177115364615466,
        "GMGS_score_matrix": [
            [
                0.2204204672836202,
                -0.3040000903247103,
                -0.6643158166336974,
                -1.0
            ],
            [
                -0.3040000903247103,
                0.6108012691033924,
                0.2504855427944053,
                -0.08519864057189726
            ],
            [
                -0.6643158166336974,
                0.2504855427944053,
                4.701730553248695,
                4.366046369882392
            ],
            [
                -1.0,
                -0.08519864057189726,
                4.366046369882392,
                51.96360734549216
            ]
        ],
        "climatology": [
            0.9251,
            0.0749
        ]
    },
    "MM": {
        "N": 1,
        "d_model": 128,
        "h": 4,
        "d_ff": 16,
        "dropout": 0.1
    },
    "SFM": {
        "N": 1,
        "d_model": 128,
        "h": 4,
        "d_ff": 16,
        "dropout": 0.1
    },
    "input_channel": 90,
    "output_channel": 4,
    "main_metric": "GMGS"
}