{
    "epochs": 8,
    "lr": 0.0000021,
    "bs": 24,
    "factor": {
        "GMGS": 0.0001,
        "BS": 10
    },
    "save_model_path": "models/id23_2019.pth",
    "dataset": {
        "window": 4,
        "year_split": {
            "train": {
                "start": 2010,
                "end": 2017
            },
            "valid": {
                "start": 2018,
                "end": 2018
            },
            "test": {
                "start": 2019,
                "end": 2019
            }
        },
        "mean": 0.36368870735168457,
        "std": 0.22177115364615466,
        "GMGS_score_matrix": [
            [
                0.2620205185412758,
                -0.2996146843521127,
                -0.66397823022196,
                -1.0
            ],
            [
                -0.2996146843521127,
                0.5204037178561524,
                0.15604017198630507,
                -0.17998159779173495
            ],
            [
                -0.66397823022196,
                0.15604017198630507,
                4.070113114510653,
                3.734091344732613
            ],
            [
                -1.0,
                -0.17998159779173495,
                3.734091344732613,
                45.39669297074936
            ]
        ],
        "climatology": [
            0.9148,
            0.0852
        ]
    },
    "MM": {
        "N": 1,
        "d_model": 128,
        "h": 4,
        "d_ff": 16,
        "dropout": 0.1
    },
    "SFM": {
        "N": 1,
        "d_model": 128,
        "h": 4,
        "d_ff": 16,
        "dropout": 0.1
    },
    "input_channel": 90,
    "output_channel": 4,
    "main_metric": "GMGS"
}